{
    "300002": {
        "0": {
            "EnableBlend": true, 
            "Longitude": 30.0, 
            "RotationY": 120.0, 
            "SkyLightBaseColor": {
                "__tuple__": true, 
                "items": [
                    216.00000232458115, 
                    237.0000010728836, 
                    255.0, 
                    1.0
                ]
            }, 
            "SkyLightIntensityScale": 3.5, 
            "SunColor": {
                "__tuple__": true, 
                "items": [
                    93.00000205636024, 
                    134.00000721216202, 
                    205.00000298023224
                ]
            }, 
            "SunColorIntensity": 3.0, 
            "TextureIdx": 100000, 
            "time": 0.0
        }, 
        "1": {
            "EnableBlend": true, 
            "Longitude": 30.0, 
            "RotationY": 120.0, 
            "SkyLightBaseColor": {
                "__tuple__": true, 
                "items": [
                    216.00000232458115, 
                    237.0000010728836, 
                    255.0, 
                    1.0
                ]
            }, 
            "SkyLightIntensityScale": 3.5, 
            "SunColor": {
                "__tuple__": true, 
                "items": [
                    93.00000205636024, 
                    134.00000721216202, 
                    205.00000298023224
                ]
            }, 
            "SunColorIntensity": 3.0, 
            "TextureIdx": 100000, 
            "time": 1.0
        }, 
        "2": {
            "EnableBlend": true, 
            "Longitude": 30.0, 
            "RotationY": 120.0, 
            "SkyLightBaseColor": {
                "__tuple__": true, 
                "items": [
                    216.00000232458115, 
                    237.0000010728836, 
                    255.0, 
                    1.0
                ]
            }, 
            "SkyLightIntensityScale": 3.5, 
            "SunColor": {
                "__tuple__": true, 
                "items": [
                    93.00000205636024, 
                    134.00000721216202, 
                    205.00000298023224
                ]
            }, 
            "SunColorIntensity": 3.0, 
            "TextureIdx": 100000, 
            "time": 2.0
        }, 
        "4": {
            "EnableBlend": true, 
            "Longitude": 30.0, 
            "RotationY": 120.0, 
            "SkyLightBaseColor": {
                "__tuple__": true, 
                "items": [
                    216.00000232458115, 
                    237.0000010728836, 
                    255.0, 
                    1.0
                ]
            }, 
            "SkyLightIntensityScale": 3.5, 
            "SunColor": {
                "__tuple__": true, 
                "items": [
                    93.00000205636024, 
                    134.00000721216202, 
                    205.00000298023224
                ]
            }, 
            "SunColorIntensity": 3.0, 
            "TextureIdx": 100000, 
            "time": 4.0
        }, 
        "6": {
            "EnableBlend": true, 
            "Longitude": 30.0, 
            "RotationY": 120.0, 
            "SkyLightBaseColor": {
                "__tuple__": true, 
                "items": [
                    216.00000232458115, 
                    237.0000010728836, 
                    255.0, 
                    1.0
                ]
            }, 
            "SkyLightIntensityScale": 3.5, 
            "SunColor": {
                "__tuple__": true, 
                "items": [
                    163.00000548362732, 
                    190.0000038743019, 
                    195.0000035762787
                ]
            }, 
            "SunColorIntensity": 5.75, 
            "TextureIdx": 100000, 
            "time": 6.0
        }, 
        "8": {
            "EnableBlend": true, 
            "Longitude": 30.0, 
            "RotationY": 150.0, 
            "SkyLightBaseColor": {
                "__tuple__": true, 
                "items": [
                    255.0, 
                    255.0, 
                    255.0, 
                    1.0
                ]
            }, 
            "SkyLightIntensityScale": 0.75, 
            "SunColor": {
                "__tuple__": true, 
                "items": [
                    208.0, 
                    178.0, 
                    58.0
                ]
            }, 
            "SunColorIntensity": 5.0, 
            "TextureIdx": 100001, 
            "time": 8.0
        }, 
        "10": {
            "EnableBlend": true, 
            "Longitude": 30.0, 
            "RotationY": 120.0, 
            "SkyLightBaseColor": {
                "__tuple__": true, 
                "items": [
                    255.0, 
                    255.0, 
                    255.0, 
                    1.0
                ]
            }, 
            "SkyLightIntensityScale": 0.75, 
            "SunColor": {
                "__tuple__": true, 
                "items": [
                    243.00000071525574, 
                    235.0000011920929, 
                    154.00000602006912
                ]
            }, 
            "SunColorIntensity": 7.75, 
            "TextureIdx": 100000, 
            "time": 10.0
        }, 
        "12": {
            "EnableBlend": true, 
            "Longitude": 30.0, 
            "RotationY": 120.0, 
            "SkyLightBaseColor": {
                "__tuple__": true, 
                "items": [
                    255.0, 
                    255.0, 
                    255.0, 
                    1.0
                ]
            }, 
            "SkyLightIntensityScale": 2.0, 
            "SunColor": {
                "__tuple__": true, 
                "items": [
                    255.0, 
                    224.000001847744, 
                    125.00000014901161
                ]
            }, 
            "SunColorIntensity": 7.0, 
            "TextureIdx": 100000, 
            "time": 12.0
        }, 
        "13": {
            "EnableBlend": true, 
            "Longitude": 30.0, 
            "RotationY": 120.0, 
            "SkyLightBaseColor": {
                "__tuple__": true, 
                "items": [
                    255.0, 
                    255.0, 
                    255.0, 
                    1.0
                ]
            }, 
            "SkyLightIntensityScale": 2.0, 
            "SunColor": {
                "__tuple__": true, 
                "items": [
                    255.0, 
                    216.00000232458115, 
                    117.00000062584877
                ]
            }, 
            "SunColorIntensity": 7.5, 
            "TextureIdx": 100000, 
            "time": 13.0
        }, 
        "14": {
            "EnableBlend": true, 
            "Longitude": 30.0, 
            "RotationY": 120.0, 
            "SkyLightBaseColor": {
                "__tuple__": true, 
                "items": [
                    255.0, 
                    255.0, 
                    255.0, 
                    1.0
                ]
            }, 
            "SkyLightIntensityScale": 2.0, 
            "SunColor": {
                "__tuple__": true, 
                "items": [
                    255.0, 
                    208.0000028014183, 
                    110.00000104308128
                ]
            }, 
            "SunColorIntensity": 8.0, 
            "TextureIdx": 100000, 
            "time": 14.0
        }, 
        "16": {
            "EnableBlend": true, 
            "Longitude": 30.0, 
            "RotationY": 120.0, 
            "SkyLightBaseColor": {
                "__tuple__": true, 
                "items": [
                    255.0, 
                    220.00000208616257, 
                    203.00000309944153, 
                    1.0
                ]
            },